time_h,glucose_gL,biomass_gL,ethanol_gL,tyrosol_gL,mu_1h,qS_mmol_gDCW_h
0,74.6425,0.0531,1.78159875847993,0.00475350250171906,0,3.29572960963459
0.25,74.6346180289713,0.0531,1.78399208262074,0.00622700384495916,0,3.2957272936794
0.5,74.6267360634814,0.0531,1.78638540521615,0.00770050402947803,0,3.29572497723987
0.75,74.6188541035315,0.0531,1.78877872626582,0.00917400305503333,0,3.29572266031586
1,74.6109721491226,0.0531,1.79117204576944,0.0106475009213826,0,3.29572034290722
1.25,74.6030902002559,0.0531,1.79356536372668,0.0121209976282834,0,3.29571802501379
1.5,74.5952082569327,0.0531,1.79595868013722,0.0135944931754931,0,3.29571570663542
1.75,74.587326319154,0.0531,1.79835199500073,0.0150679875627692,0,3.29571338777196
2,74.5794443869211,0.0531,1.80074530831689,0.0165414807898687,0,3.29571106842326
2.25,74.5715624602351,0.0531,1.80313862008538,0.018014972856549,0,3.29570874858916
2.5,74.563680539097,0.0531,1.80553193030587,0.0194884637625672,0,3.29570642826952
2.75,74.5557986235083,0.0531,1.80792523897803,0.0209619535076803,0,3.29570410746418
3,74.5479167134698,0.0531,1.81031854610156,0.0224354420916453,0,3.29570178617298
3.25,74.5400348089829,0.0531,1.81271185167611,0.0239089295142191,0,3.29569946439579
3.5,74.5321529100487,0.0531,1.81510515570137,0.0253824157751584,0,3.29569714213244
3.75,74.5242710166684,0.0531,1.81749845817701,0.0268559008742201,0,3.29569481938278
4,74.5163891288431,0.0531,1.8198917591027,0.0283293848111608,0,3.29569249614666
4.25,74.5085072465739,0.0531,1.82228505847813,0.0298028675857371,0,3.29569017242393
4.5,74.5006253698622,0.0531,1.82467835630297,0.0312763491977055,0,3.29568784821443
4.75,74.4927434987089,0.0531,1.82707165257689,0.0327498296468224,0,3.29568552351801
5,74.4848616331153,0.0531,1.82946494729956,0.0342233089328442,0,3.29568319833453
5.25,74.4769797730825,0.0531,1.83185824047067,0.0356967870555272,0,3.29568087266382
5.5,74.4690979186118,0.0531,1.83425153208989,0.0371702640146276,0,3.29567854650573
5.75,74.4612160697042,0.0531,1.83664482215688,0.0386437398099015,0,3.29567621986012
6,74.453334226361,0.0531,1.83903811067134,0.040117214441105,0,3.29567389272683
6.25,74.4454523885832,0.0531,1.84143139763292,0.0415906879079941,0,3.29567156510569
6.5,74.4375705563722,0.0531,1.84382468304131,0.0430641602103245,0,3.29566923699658
6.75,74.4296887297289,0.0531,1.84621796689619,0.0445376313478523,0,3.29566690839932
7,74.4218069086547,0.0531,1.84861124919721,0.046011101320333,0,3.29566457931376
7.25,74.4139250931507,0.0531,1.85100452994407,0.0474845701275225,0,3.29566224973976
7.5,74.406043283218,0.0531,1.85339780913642,0.0489580377691762,0,3.29565991967716
7.75,74.3981614788578,0.0531,1.85579108677396,0.0504315042450498,0,3.2956575891258
8,74.3902796800712,0.0531,1.85818436285634,0.0519049695548985,0,3.29565525808554
8.25,74.3823978868596,0.0531,1.86057763738325,0.0533784336984779,0,3.29565292655621
8.5,74.3745160992239,0.0531,1.86297091035435,0.0548518966755432,0,3.29565059453767
8.75,74.3666343171655,0.0531,1.86536418176933,0.0563253584858496,0,3.29564826202976
9,74.3587525406854,0.0531,1.86775745162785,0.0577988191291522,0,3.29564592903233
9.25,74.3508707697848,0.0531,1.87015071992959,0.059272278605206,0,3.29564359554522
9.5,74.3429890044649,0.0531,1.87254398667422,0.0607457369137662,0,3.29564126156828
9.75,74.3351072447269,0.0531,1.87493725186141,0.0622191940545875,0,3.29563892710136
10,74.3272254905719,0.0531,1.87733051549084,0.0636926500274249,0,3.2956365921443
10.25,74.3193437420012,0.0531,1.87972377756218,0.0651661048320329,0,3.29563425669695
10.5,74.3114619990158,0.0531,1.8821170380751,0.0666395584681664,0,3.29563192075916
10.75,74.303580261617,0.0531,1.88451029702928,0.0681130109355799,0,3.29562958433076
11,74.2956985298059,0.0531,1.88690355442439,0.0695864622340279,0,3.29562724741161
11.25,74.2878168035838,0.0531,1.8892968102601,0.0710599123632649,0,3.29562491000155
11.5,74.2799350829517,0.0531,1.89169006453608,0.0725333613230452,0,3.29562257210043
11.75,74.2720533679109,0.0531,1.894083317252,0.0740068091131231,0,3.2956202337081
12,74.2641716584625,0.0531,1.89647656840755,0.0754802557332528,0,3.29561789482438
12.25,74.2562899546077,0.0531,1.89886981800238,0.0769537011831885,0,3.29561555544915
12.5,74.2484082563477,0.0531,1.90126306603618,0.0784271454626842,0,3.29561321558223
12.75,74.2405265636837,0.0531,1.9036563125086,0.0799005885714939,0,3.29561087522348
13,74.2326448766168,0.0531,1.90604955741934,0.0813740305093714,0,3.29560853437274
13.25,74.2247631951482,0.0531,1.90844280076805,0.0828474712760706,0,3.29560619302985
13.5,74.2168815192791,0.0531,1.9108360425544,0.0843209108713453,0,3.29560385119466
13.75,74.2089998490106,0.0531,1.91322928277808,0.0857943492949491,0,3.29560150886702
14,74.201118184344,0.0531,1.91562252143875,0.0872677865466356,0,3.29559916604677
14.25,74.1932365252804,0.0531,1.91801575853608,0.0887412226261583,0,3.29559682273375
14.5,74.185354871821,0.0531,1.92040899406975,0.0902146575332706,0,3.29559447892781
14.75,74.177473223967,0.0531,1.92280222803942,0.0916880912677259,0,3.2955921346288
15,74.1695915817196,0.0531,1.92519546044477,0.0931615238292775,0,3.29558978983655
15.25,74.1617099450799,0.0531,1.92758869128546,0.0946349552176786,0,3.29558744455093
15.5,74.1538283140491,0.0531,1.92998192056117,0.0961083854326823,0,3.29558509877176
15.75,74.1459466886284,0.0531,1.93237514827156,0.0975818144740416,0,3.29558275249889
16,74.138065068819,0.0531,1.93476837441632,0.0990552423415095,0,3.29558040573217
16.25,74.130183454622,0.0531,1.9371615989951,0.100528669034839,0,3.29557805847144
16.5,74.1223018460387,0.0531,1.93955482200759,0.102002094553783,0,3.29557571071655
16.75,74.1144202430702,0.0531,1.94194804345344,0.103475518898093,0,3.29557336246734
17,74.1065386457177,0.0531,1.94434126333233,0.104948942067524,0,3.29557101372366
17.25,74.0986570539824,0.0531,1.94673448164393,0.106422364061827,0,3.29556866448534
17.5,74.0907754678655,0.0531,1.94912769838791,0.107895784880754,0,3.29556631475224
17.75,74.0828938873681,0.0531,1.95152091356394,0.109369204524059,0,3.2955639645242
18,74.0750123124914,0.0531,1.95391412717169,0.110842622991493,0,3.29556161380105
18.25,74.0671307432367,0.0531,1.95630733921083,0.112316040282809,0,3.29555926258266
18.5,74.0592491796051,0.0531,1.95870054968103,0.113789456397759,0,3.29555691086885
18.75,74.0513676215978,0.0531,1.96109375858195,0.115262871336095,0,3.29555455865947
19,74.0434860692159,0.0531,1.96348696591327,0.11673628509757,0,3.29555220595437
19.25,74.0356045224607,0.0531,1.96588017167465,0.118209697681934,0,3.29554985275339
19.5,74.0277229813334,0.0531,1.96827337586577,0.11968310908894,0,3.29554749905638
19.75,74.0198414458351,0.0531,1.97066657848629,0.12115651931834,0,3.29554514486317
20,74.011959915967,0.0531,1.97305977953589,0.122629928369886,0,3.29554279017361
20.25,74.0040783917303,0.0531,1.97545297901423,0.124103336243329,0,3.29554043498754
20.5,73.9961968731262,0.0531,1.97784617692097,0.12557674293842,0,3.29553807930482
20.75,73.9883153601559,0.0531,1.9802393732558,0.127050148454911,0,3.29553572312527
21,73.9804338528206,0.0531,1.98263256801837,0.128523552792554,0,3.29553336644875
21.25,73.9725523511214,0.0531,1.98502576120836,0.1299969559511,0,3.29553100927509
21.5,73.9646708550596,0.0531,1.98741895282543,0.1314703579303,0,3.29552865160415
21.75,73.9567893646363,0.0531,1.98981214286926,0.132943758729906,0,3.29552629343575
22,73.9489078798527,0.0531,1.9922053313395,0.134417158349668,0,3.29552393476976
22.25,73.9410264007101,0.0531,1.99459851823583,0.135890556789337,0,3.295521575606
22.5,73.9331449272095,0.0531,1.99699170355792,0.137363954048664,0,3.29551921594432
22.75,73.9252634593523,0.0531,1.99938488730543,0.138837350127401,0,3.29551685578457
23,73.9173819971395,0.0531,2.01404448364672,0.143779457010685,0.0436818781837755,13.1688759225258
23.25,73.8858876966975,0.0536798769328896,2.0288641230303,0.148775523975305,0.0436818781837755,13.1688382075747
23.5,73.8540495548896,0.0542660863941653,2.0438455521368,0.153826140061349,0.0436818781837755,13.1688000483926
23.75,73.8218638188882,0.0548586975380103,2.05899053669667,0.158931900736166,0.0436818781837755,13.1687614393754
24,73.7893266949314,0.0554577802738043,2.0743008616976,0.164093407964419,0.0436818781837755,13.1687223748396
24.25,73.7564343478773,0.05606340527437,2.0897783315942,0.169311270278918,0.0436818781837755,13.1686828490211
24.5,73.7231829007531,0.0566756439843107,2.10542477052,0.174586102852204,0.0436818781837755,13.1686428560743
24.75,73.6895684342998,0.0572945686284381,2.12124202250166,0.179918527569031,0.0436818781837755,13.1686023900699
25,73.6555869865114,0.057920252220293,2.13723195167563,0.185309173099105,0.0436818781837755,13.1685614449943
25.25,73.6212345521695,0.0585527685707581,2.15339644250702,0.190758674971662,0.0436818781837755,13.1685200147477
25.5,73.5865070823727,0.0591921922967657,2.16973740001097,0.196267675649812,0.0436818781837755,13.168478093143
25.75,73.5514004840608,0.0598385988301002,2.18625674997631,0.201836824606213,0.0436818781837755,13.1684356739038
26,73.515910619534,0.0604920644262963,2.20295643919172,0.207466778399461,0.0436818781837755,13.1683927506635
26.25,73.4800333059668,0.0611526661736349,2.21983843567435,0.213158200751314,0.0436818781837755,13.1683493169634
26.5,73.443764314917,0.0618204820022374,2.2369047289008,0.218911762624754,0.0436818781837755,13.1683053662513
26.75,73.4070993718284,0.0624955906932584,2.25415733004081,0.224728142302896,0.0436818781837755,13.1682608918794
27,73.370034155529,0.0631780718881799,2.27159827219323,0.230608025468756,0.0436818781837755,13.1682158871037
27.25,73.332564297724,0.0638680060982062,2.28922961062478,0.236552105285884,0.0436818781837755,13.1681703450812
27.5,73.2946853824818,0.0645654747137618,2.30705342301127,0.242561082479876,0.0436818781837755,13.1681242588688
27.75,73.2563929457164,0.0652705600140929,2.32507180968141,0.24863566542077,0.0436818781837755,13.1680776214217
28,73.2176824746625,0.0659833451769735,2.34328689386338,0.254776570206336,0.0436818781837755,13.168030425591
28.25,73.1785494073461,0.0667039142885181,2.36170082193395,0.260984520746272,0.0436818781837755,13.1679826641226
28.5,73.1389891320485,0.0674323523531011,2.38031576367036,0.267260248847314,0.0436818781837755,13.1679343296548
28.75,73.0989969867651,0.0681687453033845,2.39913391250491,0.273604494299271,0.0436818781837755,13.1678854147167
29,73.0585682586584,0.0689131800104553,2.41815748578235,0.280018004961993,0.0436818781837755,13.1678359117261
29.25,73.017698183504,0.0696657442940737,2.43738872501993,0.286501536853286,0.0436818781837755,13.1677858129878
29.5,72.9763819451321,0.0704265269330326,2.45682989617044,0.293055854237779,0.0436818781837755,13.1677351106912
29.75,72.934614674862,0.0711956176756314,2.47648328988795,0.299681729716756,0.0436818781837755,13.1676837969086
30,72.8923914509306,0.0719731072502628,2.49635122179649,0.306379944318964,0.0436818781837755,13.1676318635928
30.25,72.849707297915,0.0727590873761162,2.51643603276164,0.313151287592406,0.0436818781837755,13.1675793025752
30.5,72.8065571861486,0.0735536507739978,2.53674008916504,0.319996557697133,0.0436818781837755,13.1675261055635
30.75,72.7629360311309,0.0743568911772682,2.55726578318188,0.326916561499038,0.0436818781837755,13.1674722641393
31,72.718838692931,0.0751689033429006,2.57801553306136,0.333912114664672,0.0436818781837755,13.1674177697562
31.25,72.6742599755847,0.0759897830626587,2.59899178341021,0.340984041757086,0.0436818781837755,13.167362613737
31.5,72.629194626485,0.0768196271743974,2.62019700547931,0.348133176332716,0.0436818781837755,13.1673067872717
31.75,72.5836373357656,0.0776585335734862,2.6416336974533,0.355360361039316,0.0436818781837755,13.1672502814148
32,72.5375827356788,0.0785066012243581,2.66330438474345,0.362666447714953,0.0436818781837755,13.1671930870829
32.25,72.4910253999654,0.0793639301721843,2.68521162028357,0.370052297488081,0.0436818781837755,13.1671351950521
32.5,72.4439598432186,0.080230621554676,2.70735798482924,0.377518780878689,0.0436818781837755,13.1670765959555
32.75,72.396380520241,0.081106777614016,2.72974608726013,0.385066777900561,0.0436818781837755,13.1670172802804
33,72.348281825394,0.0819925017089195,2.75237856488573,0.392697178164631,0.0436818781837755,13.1669572383655
33.25,72.2996580919411,0.0828878983268275,2.77525808375428,0.400410880983464,0.0436818781837755,13.1668964603983
33.5,72.2505035913835,0.0837930730962329,2.79838733896504,0.408208795476873,0.0436818781837755,13.1668349364122
33.75,72.2008125327883,0.0847081327991414,2.82176905498402,0.416091840678673,0.0436818781837755,13.1667726562836
34,72.1505790621102,0.0856331853836682,2.84540598596297,0.424060945644596,0.0436818781837755,13.1667096097285
34.25,72.0997972615055,0.0865683399767727,2.86930091606196,0.432117049561379,0.0436818781837755,13.1666457863002
34.5,72.0484611486382,0.087513706897132,2.89345665977531,0.440261101857023,0.0436818781837755,13.1665811753856
34.75,71.9965646759796,0.0884693976681547,2.91787606226114,0.448494062312257,0.0436818781837755,13.1665157662019
35,71.9441017300995,0.0894355250311378,2.94256199967439,0.456816901173205,0.0436818781837755,13.166449547794
35.25,71.8910661309501,0.0904122029585659,2.96751737950348,0.46523059926527,0.0436818781837755,13.1663825090304
35.5,71.8374516311421,0.0913995466675566,2.99274514091059,0.473736148108255,0.0436818781837755,13.1663146386002
35.75,71.7832519152135,0.0923976726334527,3.01824825507554,0.482334550032732,0.0436818781837755,13.1662459250095
36,71.7284605988892,0.0934066986035624,3.0440297255435,0.491026818297662,0.0436818781837755,13.1661763565777
36.25,71.6730712283341,0.0944267436110498,3.07009258857631,0.499813977209298,0.0436818781837755,13.166105921434
36.5,71.6170772793973,0.0954579279889769,3.09643991350767,0.508697062241367,0.0436818781837755,13.1660346075133
36.75,71.5604721568484,0.0965003733844994,3.12307480310213,0.517677120156553,0.0436818781837755,13.1659624025527
37,71.5032491936056,0.0975542027732171,3.1500003939179,0.526755209129302,0.0436818781837755,13.1658892940876
37.25,71.4454016499553,0.0986195404736808,3.17721985667363,0.535932398869942,0.0436818781837755,13.165815269447
37.5,71.3869227127633,0.0996965121620586,3.20473639661905,0.545209770750155,0.0436818781837755,13.1657403157503
37.75,71.3278054946781,0.100785244886961,3.23255325390971,0.554588417929801,0.0436818781837755,13.1656644199021
38,71.2680430333246,0.10188586708443,3.26067370398562,0.564069445485114,0.0436818781837755,13.1655875685885
38.25,71.2076282904901,0.102998508593087,3.28910105795401,0.573653970538284,0.0436818781837755,13.1655097482726
38.5,71.146554151301,0.104123300669456,3.31783866297625,0.583343122388437,0.0436818781837755,13.1654309451896
38.75,71.0848134233904,0.10526037600344,3.34688990265885,0.593138042644028,0.0436818781837755,13.1653511453421
39,71.0223988360578,0.10640986873398,3.37625819744866,0.60303988535667,0.0436818781837755,13.1652703344958
39.25,70.9593030394186,0.107571914464877,3.40594700503236,0.613049817156406,0.0436818781837755,13.1651884981741
39.5,70.8955186035451,0.10874665028079,3.43595982074019,0.623169017388432,0.0436818781837755,13.1651056216533
39.75,70.8310380175982,0.109934214763405,3.46630017795404,0.633398678251312,0.0436818781837755,13.1650216899572
40,70.7658536889493,0.111134748007786,3.49697164851985,0.643740004936668,0.0436818781837755,13.1649366878519
40.25,70.699957942294,0.112348391638901,3.52797784316452,0.654194215770389,0.0436818781837755,13.1648505998407
40.5,70.6333430187545,0.113575288828329,3.5593224119172,0.664762542355356,0.0436818781837755,13.1647634101578
40.75,70.5660010749741,0.114815584311151,3.59100904453516,0.675446229715707,0.0436818781837755,13.1646751027633
41,70.4979241822008,0.11606942440302,3.62304147093412,0.686246536442663,0.0436818781837755,13.1645856613369
41.25,70.4291043253618,0.117336957017429,3.65542346162331,0.697164734841911,0.0436818781837755,13.164495069272
41.5,70.3595334021274,0.118618331683151,3.68815882814505,0.708202111082595,0.0436818781837755,13.1644033096694
41.75,70.2892032219658,0.119913699561888,3.72125142351914,0.719359965347892,0.0436818781837755,13.1643103653314
42,70.2181055051867,0.121223213466095,3.75470514269192,0.730639611987225,0.0436818781837755,13.1642162187547
42.25,70.1462318819755,0.122547027877013,3.78852392299013,0.742042379670104,0.0436818781837755,13.164120852124
42.5,70.0735738914172,0.12388529896289,3.82271174457967,0.753569611541626,0.0436818781837755,13.1640242473052
42.75,70.0001229805086,0.125238184597404,3.85727263092919,0.765222665379652,0.0436818781837755,13.1639263858383
43,69.925870503162,0.126605844378289,3.89221064927865,0.777002913753665,0.0436818781837755,13.16382724893
43.25,69.8508077191964,0.127988439646161,3.92752991111288,0.788911744185348,0.0436818781837755,13.1637268174468
43.5,69.7749257933188,0.12938613350355,3.96323457264013,0.800950559310878,0.0436818781837755,13.1636250719066
43.75,69.6982157940948,0.130799090834143,3.9993288352758,0.813120777044964,0.0436818781837755,13.1635219924716
44,69.6206686929076,0.132227478322234,4.03581694613127,0.825423830746658,0.0436818781837755,13.1634175589397
44.25,69.5422753629063,0.133671464472389,4.07270319850788,0.837861169386931,0.0436818781837755,13.1633117507366
44.5,69.4630265779428,0.135131219629322,4.10999193239626,0.850434257718059,0.0436818781837755,13.1632045469073
44.75,69.3829130114979,0.13660691599799,4.14768753498086,0.863144576444823,0.0436818781837755,13.163095926107
45,69.301925235595,0.138098727663911,4.18579444114991,0.87599362239754,0.0436818781837755,13.1629858665926
45.25,69.220053719703,0.139606830613698,4.22431713401078,0.888982908707212,0.0436818781837755,13.1628743462132
45.5,69.1372888296275,0.141131402755821,4.26326014541072,0.90211396498153,0.0436818781837755,13.1627613424007
45.75,69.0536208263899,0.142672623941592,4.30262805646325,0.915388337484289,0.0436818781837755,13.16264683216
46,68.9690398650946,0.144230675986386,4.34242549808,0.928807589315706,0.0436818781837755,13.1625307920591
46.25,68.8835359937844,0.145805742691087,4.38265715150826,0.942373300594929,0.0436818781837755,13.1624131982187
46.5,68.7970991522837,0.147398009863768,4.42332774887415,0.956087068644486,0.0436818781837755,13.1622940263016
46.75,68.7097191710295,0.149007665341618,4.46444207373159,0.969950508176722,0.0436818781837755,13.1621732515019
47,68.6213857698897,0.150634899013094,4.50600496161698,0.983965251482215,0.0436818781837755,13.1620508485335
47.25,68.5320885569691,0.152279902840323,4.54802130060984,0.998132948620212,0.0436818781837755,13.1619267916189
47.5,68.4418170274028,0.15394287088175,4.59049603189924,1.01245526761109,0.0436818781837755,13.1618010544772
47.75,68.3505605621371,0.155623999315029,4.6334341503563,1.02693389463091,0.0436818781837755,13.1616736103118
48,68.2583084266968,0.157323486460167,4.67684070511263,1.04157053420794,0.0436818781837755,13.1615444317977
48.25,68.1650497699401,0.159041532802917,4.72072080014489,1.05636690942145,0.0436818781837755,13.1614134910689
48.5,68.0707736228002,0.160778341018431,4.7650795948655,1.07132476210243,0.0436818781837755,13.1612807597047
48.75,67.9754688970136,0.16253411599517,4.8099223047195,1.08644585303658,0.0436818781837755,13.1611462087162
49,67.879124383835,0.164309064859073,4.85525420178773,1.10173196216943,0.0436818781837755,13.1610098085318
49.25,67.7817287527388,0.166103396997989,4.90108061539624,1.1171848888136,0.0436818781837755,13.160871528983
49.5,67.6832705501067,0.167917324086383,4.9474069327322,1.1328064518583,0.0436818781837755,13.1607313392892
49.75,67.5837381979018,0.169751060110305,4.9942385994661,1.14859848998105,0.0436818781837755,13.1605892080422
50,67.4831199923286,0.171604821392631,5.04158112038056,1.16456286186167,0.0436818781837755,13.1604451031903
50.25,67.3814041024791,0.173478826618586,5.08944006000562,1.18070144639846,0.0436818781837755,13.1602989920215
50.5,67.2785785689644,0.175373296861541,5.13782104326071,1.19701614292677,0.0436818781837755,13.1601508411472
50.75,67.1746313025325,0.177288455609089,5.18672975610325,1.21350887143984,0.0436818781837755,13.1600006164841
51,67.0695500826713,0.179224528789415,5.236171946184,1.23018157281196,0.0436818781837755,13.1598482832364
51.25,66.9633225561969,0.181181744797946,5.28615342350923,1.24703620902401,0.0436818781837755,13.1596938058773
51.5,66.8559362358278,0.183160334524293,5.3366800611097,1.2640747633914,0.0436818781837755,13.1595371481294
51.75,66.7473784987434,0.185160531379491,5.38775779571664,1.28129924079438,0.0436818781837755,13.1593782729454
52,66.637636585128,0.187182571323531,5.43939262844466,1.29871166791083,0.0436818781837755,13.1592171424872
52.25,66.5266975966999,0.189226692893201,5.49159062548169,1.31631409345141,0.0436818781837755,13.1590537181052
52.5,66.4145484952248,0.191293137230221,5.54435791878611,1.33410858839733,0.0436818781837755,13.1588879603162
52.75,66.3011761010138,0.193382148109692,5.59770070679096,1.35209724624047,0.0436818781837755,13.158719828781
53,66.1865670914062,0.195493971968853,5.65162525511543,1.37028218322613,0.0436818781837755,13.1585492822813
53.25,66.0707079992363,0.197628857936154,5.70613789728366,1.3886655385983,0.0436818781837755,13.1583762786954
53.5,65.9535852112848,0.199787057860646,5.76124503545084,1.40724947484745,0.0436818781837755,13.1582007749737
53.75,65.8351849667135,0.201968826341687,5.81695314113679,1.42603617796101,0.0436818781837755,13.1580227271131
54,65.7154933554849,0.204174420758981,5.873268755967,1.44502785767641,0.0436818781837755,13.1578420901303
54.25,65.5944963167646,0.20640410130294,5.93019849242119,1.46422674773674,0.0436818781837755,13.1576588180347
54.5,65.4721796373082,0.208658131005377,5.9877490345895,1.48363510614918,0.0436818781837755,13.1574728637998
54.75,65.3485289498309,0.210936775770535,6.04592713893637,1.503255215446,0.0436818781837755,13.1572841793342
55,65.223529731361,0.213240304406457,6.10473963507206,1.52308938294839,0.0436818781837755,13.1570927154515
55.25,65.0971673015766,0.215568988656695,6.1641934265321,1.54313994103294,0.0436818781837755,13.1568984218386
55.5,64.969426821125,0.217923103232371,6.22429549156442,1.56340924740097,0.0436818781837755,13.1567012470236
55.75,64.8402932899252,0.220302925844577,6.28505288392457,1.58389968535058,0.0436818781837755,13.1565011383424
56,64.7097515454537,0.222708737237145,6.34647273367873,1.60461366405158,0.0436818781837755,13.1562980419038
56.25,64.577786261012,0.225140821219759,6.40856224801489,1.62555361882321,0.0436818781837755,13.1560919025538
56.5,64.4443819439777,0.227599464701438,6.47132871206206,1.64672201141476,0.0436818781837755,13.1558826638382
56.75,64.3095229340371,0.230084957724383,6.53477948971762,1.66812133028908,0.0436818781837755,13.1556702679646
57,64.1731934014006,0.232597593498192,6.59892202448287,1.689754090909,0.0436818781837755,13.1554546557619
57.25,64.0353773450002,0.235137668434449,6.66376384030689,1.71162283602667,0.0436818781837755,13.1552357666396
57.5,63.8960585906687,0.237705482181692,6.72931254243863,1.73373013597591,0.0436818781837755,13.1550135385448
57.75,63.7552207893012,0.240301337660761,6.79557581828747,1.75607858896753,0.0436818781837755,13.1547879079177
58,63.6128474149979,0.242925541100535,6.8625614382921,1.77867082138762,0.0436818781837755,13.1545588096458
58.25,63.4689217631888,0.245578402074055,6.93027725679797,1.80150948809901,0.0436818781837755,13.1543261770161
58.5,63.32342694874,0.248260233535047,6.99873121294319,1.82459727274559,0.0436818781837755,13.1540899416659
58.75,63.1763459040412,0.250971351854835,7.06793133155306,1.84793688805994,0.0436818781837755,13.1538500335313
59,63.0276613770742,0.25371207685967,7.13788572404322,1.87153107617392,0.0436818781837755,13.1536063807938
59.25,62.8773559294633,0.256482731868454,7.20860258933144,1.89538260893244,0.0436818781837755,13.1533589098257
59.5,62.7254119345059,0.259283643730884,7.28009021475814,1.91949428821039,0.0436818781837755,13.1531075451319
59.75,62.5718115751847,0.262115142866009,7.35235697701572,1.94386894623278,0.0436818781837755,13.1528522092911
60,62.41653684216,0.264977563301208,7.42541134308661,1.96850944589806,0.0436818781837755,13.1525928228936
60.25,62.2595695317434,0.267871242711597,7.49926187119021,1.99341868110462,0.0436818781837755,13.152329304477
60.5,62.100891243852,0.270796522459863,7.57391721173873,2.01859957708066,0.0436818781837755,13.1520615704598
60.75,61.9404833799425,0.273753747636533,7.64938610830189,2.04405509071722,0.0436818781837755,13.1517895350716
61,61.7783271409263,0.276743267100686,7.72567739858059,2.06978821090456,0.0436818781837755,13.1515131102812
61.25,61.6144035250653,0.279765433521104,7.80280001538955,2.09580195887184,0.0436818781837755,13.1512322057217
61.5,61.4486933258466,0.282820603417879,7.88076298764896,2.12209938853015,0.0436818781837755,13.1509467286121
61.75,61.2811771298391,0.28590913720447,7.95957544138515,2.14868358681887,0.0436818781837755,13.1506565836766
62,61.1118353145289,0.289031399230218,8.03924660074024,2.17555767405546,0.0436818781837755,13.15036167306
62.25,60.9406480461353,0.292187757823333,8.11978578899097,2.20272480428855,0.0436818781837755,13.1500618962393
62.5,60.7675952774068,0.295378585334341,8.20120242957647,2.23018816565455,0.0436818781837755,13.149757149933
62.75,60.5926567453972,0.298604258180008,8.28350604713515,2.25795098073761,0.0436818781837755,13.1494473280051
63,60.4158119692211,0.301865156887752,8.3667062685507,2.28601650693307,0.0436818781837755,13.1491323213658
63.25,60.2370402477896,0.305161666140526,8.4508128240071,2.31438803681436,0.0436818781837755,13.1488120178683
63.5,60.0563206575263,0.308494174822204,8.53583554805273,2.34306889850338,0.0436818781837755,13.1484863022007
63.75,59.8736320500623,0.311863076063451,8.62178438067351,2.37206245604433,0.0436818781837755,13.1481550557735
64,59.6889530499118,0.315268767288106,8.70866936837508,2.40137210978115,0.0436818781837755,13.1478181566021
64.25,59.5022620521271,0.318711650260063,8.79650066527396,2.43100129673832,0.0436818781837755,13.1474754791846
64.5,59.3135372199338,0.322192131130665,8.88528853419771,2.46095349100533,0.0436818781837755,13.1471268943739
64.75,59.1227564823459,0.325710620486621,8.97504334779398,2.49123220412459,0.0436818781837755,13.1467722692441
65,58.9298975317606,0.329267533398435,9.06577558964846,2.52184098548292,0.0436818781837755,13.1464114669517
65.25,58.7349378215336,0.332863289469381,9.15749585541161,2.55278342270656,0.0436818781837755,13.1460443465895
65.5,58.5378545635344,0.336498312884994,9.2502148539342,2.58406314205976,0.0436818781837755,13.1456707630348
65.75,58.3386247256815,0.340173032463116,9.34394340841147,2.61568380884687,0.0436818781837755,13.1452905667905
66,58.1372250294585,0.343887881704481,9.43869245753588,2.64764912781804,0.0436818781837755,13.1449036038188
66.25,57.9336319474106,0.347643298843854,9.5344730566584,2.67996284357843,0.0436818781837755,13.1445097153675
66.5,57.7278217006215,0.35143972690173,9.63129637895809,2.71262874100095,0.0436818781837755,13.1441087377878
66.75,57.5197702561712,0.355277613736595,9.72917371662001,2.74565064564256,0.0436818781837755,13.1437005023443
67,57.3094533245754,0.359157412097761,9.8281164820212,2.77903242416411,0.0436818781837755,13.1432848350154
67.25,57.0968463572055,0.363079579678775,9.92813620892463,2.8127779847536,0.0436818781837755,13.1428615562845
67.5,56.8819245436907,0.367044579171411,10.029244553681,2.84689127755307,0.0436818781837755,13.1424304809216
67.75,56.6646628093018,0.371052878320256,10.1314532964379,2.88137629508883,0.0436818781837755,13.1419914177533
68,56.4450358123171,0.375104949977887,10.234774342357,2.91623707270525,0.0436818781837755,13.1415441694231
68.25,56.2230179413709,0.379201272160653,10.3392197228376,2.95147768900189,0.0436818781837755,13.1410885321388
68.5,55.9985833127855,0.383342328105067,10.4448015967477,2.98710226627406,0.0436818781837755,13.1406242954076
68.75,55.7717057678856,0.38752860632481,10.5515322516616,3.02311497095675,0.0436818781837755,13.140151241759
69,55.5423588702975,0.391760600668362,10.6594241051039,3.05952001407181,0.0436818781837755,13.1396691464522
69.25,55.3105159032322,0.396038810377261,10.7684897057994,3.0963216516785,0.0436818781837755,13.13917777717
69.5,55.0761498667538,0.400363740144998,10.8787417349293,3.13352418532713,0.0436818781837755,13.1386768936968
69.75,54.8392334750335,0.404735900176552,10.990193007392,3.17113196251598,0.0436818781837755,13.1381662475793
70,54.5997391535896,0.40915580624858,11.1028564730691,3.20914937715122,0.0436818781837755,13.1376455817705
70.25,54.357639036515,0.413623979770264,11.2167452180969,3.24758087000991,0.0436818781837755,13.1371146302547
70.5,54.1129049636923,0.418140947844817,11.3318724661401,3.2864309292059,0.0436818781837755,13.1365731176525
70.75,53.8655084779979,0.422707243331668,11.448251579671,3.32570409065862,0.0436818781837755,13.1360207588053
71,53.6154208224955,0.427323404909322,11.5658960612503,3.36540493856463,0.0436818781837755,13.1354572583364
71.25,53.3626129376207,0.431989977138903,11.6848195548111,3.40553810587179,0.0436818781837755,13.1348823101899
71.5,53.1070554583573,0.436707510528401,11.8050358469442,3.44610827475599,0.0436818781837755,13.1342955971426
71.75,52.8487187114067,0.441476561597612,11.9265588681848,3.48712017710031,0.0436818781837755,13.1336967902906
72,52.5875727123521,0.446297692943786,12.0494026942996,3.52857859497644,0.0436818781837755,13.1330855485057
72.25,52.3235871628177,0.451171473308004,12.173581547573,3.57048836112823,0.0436818781837755,13.1324615178625
72.5,52.0567314476264,0.456098477642263,12.2991097980919,3.61285435945717,0.0436818781837755,13.1318243310321
72.75,51.7869746319558,0.461079287177307,12.4260019650293,3.65568152550971,0.0436818781837755,13.1311736066418
73,51.5142854584955,0.466114489491192,12.5542727179227,3.69897484696611,0.0436818781837755,13.1305089485969
73.25,51.2386323446069,0.471204678578603,12.6839368779499,3.74273936413072,0.0436818781837755,13.1298299453633
73.5,50.9599833794884,0.476350454920927,12.8150094191981,3.78698017042336,0.0436818781837755,13.129136169208
73.75,50.6783063213474,0.481552425557088,12.9475054699262,3.83170241287158,0.0436818781837755,13.1284271753936
74,50.3935685945827,0.48681120415516,13.0814403138192,3.87691129260359,0.0436818781837755,13.1277025013252
74.25,50.1057372869781,0.49212741108476,13.2168293912327,3.92261206534149,0.0436818781837755,13.1269616656448
74.5,49.8147791469128,0.497501673490236,13.3536883004254,3.9688100418945,0.0436818781837755,13.1262041672699
74.75,49.5206605805892,0.502934625364642,13.4920327987796,4.01551058865088,0.0436818781837755,13.1254294843733
75,49.2233476492824,0.508426907624537,13.6318788040053,4.0627191280738,0.0436818781837755,13.1246370732981
75.25,48.9228060666162,0.513979168185589,13.7732423953282,4.11044113918678,0.0436818781837755,13.1238263674043
75.5,48.6190011958673,0.51959206203901,13.9161398146581,4.1586821580668,0.0436818781837755,13.1229967758413
75.75,48.311898047304,0.525266251328821,14.060587467735,4.2074477783307,0.0436818781837755,13.1221476822414
76,48.0014612755629,0.531002405429969,14.206601925252,4.25674365161986,0.0436818781837755,13.1212784433275
76.25,47.6876551770691,0.53680120102729,14.3541999239503,4.30657548808176,0.0436818781837755,13.1203883874284
76.5,47.3704436875054,0.542663322195335,14.5033983676839,4.35694905684764,0.0436818781837755,13.1194768128957
76.75,47.0497903793356,0.54858946047907,14.6542143284513,4.40787018650571,0.0436818781837755,13.1185429864125
77,46.7256584593898,0.554580314975457,14.8066650473903,4.45934476556914,0.0436818781837755,13.1175861411874
77.25,46.3980107665173,0.560636592415927,14.9607679357308,4.51137874293788,0.0436818781837755,13.1166054750231
77.5,46.0668097693152,0.566759007249747,15.1165405757038,4.56397812835374,0.0436818781837755,13.1156001482498
77.75,45.7320175639412,0.572948281728307,15.2740007213997,4.61714899284739,0.0436818781837755,13.1145692815123
78,45.3935958720185,0.579205145990322,15.4331662995722,4.67089746917654,0.0436818781837755,13.1135119533991
78.25,45.0515060386442,0.585530338147963,15.5940554103816,4.72522975225403,0.0436818781837755,13.1124271978984
78.5,44.7057090305102,0.591924604373934,15.7566863280728,4.78015209956456,0.0436818781837755,13.111314001669
78.75,44.3561654341487,0.598388698989494,15.9210775015801,4.8356708315688,0.0436818781837755,13.1101713011069
79,44.0028354543152,0.604923384553446,16.0872475550522,4.89179233209328,0.0436818781837755,13.1089979791924
79.25,43.6456789125221,0.611529431952091,16.2552152882908,4.94852304870454,0.0436818781837755,13.1077928620965
79.5,43.2846552457387,0.618207620490173,16.4249996770924,5.00586949306572,0.0436818781837755,13.1065547155259
79.75,42.9197235052726,0.624958737982806,16.5966198734861,5.06383824127361,0.0436818781837755,13.1052822407818
80,42.5508423558524,0.631783580848419,16.7700952058561,5.12243593417411,0.0436818781837755,13.1039740705078
80.25,42.1779700749291,0.638682954202701,16.9454451789384,5.18166927765364,0.0436818781837755,13.1026287640955
80.5,41.8010645522196,0.645657671953585,17.1226894736789,5.24154504290409,0.0436818781837755,13.1012448027177
80.75,41.4200832895143,0.652708556897259,17.3018479469411,5.30207006665833,0.0436818781837755,13.0998205839516
81,41.0349834007763,0.659836440815233,17.4829406310471,5.36325125139323,0.0436818781837755,13.0983544159535
81.25,40.6457216125594,0.66704216457246,17.665987733137,5.42509556549687,0.0436818781837755,13.0968445111398
81.5,40.2522542647764,0.674326578216534,17.787831004667,5.4876100433959,0.0436818781837755,13.0952889793246
81.75,39.8545373118531,0.681690541077968,17.9109922754832,5.55080178563921,0.0436818781837755,13.0936858202606
82,39.4525263243057,0.689134921871568,18.035485406487,5.61467795893305,0.0436818781837755,13.0920329155191
82.25,39.0461764907826,0.696660598798913,18.1613243818067,5.67924579612254,0.0436818781837755,13.0903280196421
82.5,38.6354426206194,0.704268459651955,18.2885233082866,5.74451259611411,0.0436818781837755,13.0885687504885
82.75,38.2202791469565,0.711959401917753,18.4170964148209,5.81048572373226,0.0436818781837755,13.0867525786875
83,37.8006401304779,0.719734332884345,18.5470580515153,5.87717260950403,0.0436818781837755,13.0848768161011
83.25,37.3764792638346,0.727594169747778,18.7565207758786,5.9445807493631,0.0436818781837755,13.0829386031869
83.5,36.9477498768223,0.735539839720315,18.9589426016493,6.01271770426516,0.0436818781837755,13.0809348951352
83.75,36.5144049423936,0.743572280139809,19.092479142837,6.08159109970465,0.0436818781837755,13.0788624466414
84,36.0763970835916,0.751692438580284,19.2274553991256,6.15120862512224,0.0436818781837755,13.0767177951532
84.25,35.633678581503,0.759901272963717,19.3638862258571,6.22157803318957,0.0436818781837755,13.0744972424123
84.5,35.186201384342,0.768199751673041,19.5017865888935,6.29270713896456,0.0436818781837755,13.0721968340852
84.75,34.7339171177865,0.776588853666388,19.6411715619239,6.36460381888823,0.0436818781837755,13.0698123372469
85,34.2767770967061,0.785069568592571,19.7820563233789,6.43727600961976,0.0436818781837755,13.067339215452
85.25,33.8147323384383,0.793642896907834,20.0099599542612,6.51073170668354,0.0436818781837755,13.0647726010835
85.5,33.3477335777878,0.80230984999387,20.1515141872293,6.58497896290758,0.0436818781837755,13.0621072646287
85.75,32.8757312839483,0.811071450277139,20.2931393494552,6.66002588662876,0.0436818781837755,13.0593375804764
86,32.3986756795719,0.819928731349475,20.5150544852383,6.73588063963657,0.0436818781837755,13.056457488767
86.25,31.9165167622408,0.828882738090022,20.7359197678837,6.81255143482349,0.0436818781837755,13.0534604527562
86.5,31.4292043286338,0.837934526788492,20.8818570306935,6.89004653350549,0.0436818781837755,13.0503394110638
86.75,30.9366880017168,0.847085165269781,20.8818570306935,6.96837424237094,0.0436818781837755,13.0601468709504
87,30.4384189923285,0.85633573301993,20.8818570306935,7.0475428953468,0.0436818781837755,13.0567474103861
87.25,29.9348397635095,0.865687321313478,21.125577127557,7.12756087751257,0.0436818781837755,13.04014542663
87.5,29.4264085192792,0.875141033342192,21.3762473928026,7.2084366236284,0.0436818781837755,13.0364449886284
87.75,28.912570821659,0.884697984345211,21.5301481231609,7.29017858200465,0.0436818781837755,13.0325752209053
88,28.3932759695366,0.894359301740611,21.7815532468034,7.37279522353691,0.0436818781837755,13.0285245145005
88.25,27.8684733404977,0.904126125258401,22.040914861392,7.45629503512292,0.0436818781837755,13.0242801783511
88.5,27.3381124536739,0.913999607074977,22.1997786771785,7.54068651217065,0.0436818781837755,13.0198283105495
88.75,26.8021430408722,0.923980911949044,22.3647934983363,7.62597815006306,0.0436818781837755,13.0151536508181
89,26.2605151272094,0.934071217359017,22.5835403537938,7.71217843442171,0.0436818781837755,13.0102394109333
89.25,25.7131791226814,0.944271713641929,22.7475052845545,7.79929582998303,0.0436818781837755,13.0050670791631
89.5,25.1600859263601,0.954583604133852,22.9132008626468,7.88733513691344,0.0436818781837755,12.9996161939626
89.75,24.6011870452159,0.965008105311853,23.0806419852813,7.97629799411675,0.0436818781837755,12.9938640811521
90,24.0364347299403,0.9755464469375,23.3614367101633,8.06619190041944,0.0436818781837755,12.9877855475297
90.25,23.4657821306051,0.986199872201935,23.6482754341983,8.15702419563984,0.0436818781837755,12.9813525222789
90.5,22.8891834755537,0.99696963787253,23.9334593617643,8.24880202939016,0.0436818781837755,12.9745336355174
90.75,22.3065942776183,1.00785701444115,24.2215895572617,8.34153232498861,0.0436818781837755,12.9672937207835
91,21.7179715726124,1.01886328627402,24.5176374083213,8.4352217375684,0.0436818781837755,12.9595932249954
91.25,21.1232741961268,1.02998975176325,24.81456915992,8.5298766052668,0.0436818781837755,12.9513875052291
91.5,20.5224631059996,1.04123772348002,25.091455106636,8.62550289211945,0.0436818781837755,12.942625986231
91.75,19.9155017595342,1.05260852832937,25.3874717162734,8.72210612095729,0.0436818781837755,12.9332511455008
92,19.3023565567014,1.06410350770679,25.6879188764761,8.81969129418382,0.0436818781837755,12.9231972834634
92.25,18.6829973633332,1.07572401765644,25.8755153214043,8.91826279976795,0.0436818781837755,12.9123890238931
92.5,18.0573981318956,1.08747142903109,26.1870876037425,9.01782429908176,0.0436818781837755,12.9007394732127
92.75,17.4255376420854,1.09934712765391,26.4911358862701,9.1183785922856,0.0436818781837755,12.8881479449357
93,16.7874003896149,1.11135251448188,26.6793554800947,9.21992745573317,0.0436818781837755,12.8744971250024
93.25,16.1429776596643,1.12348900577108,26.6793554800947,9.32247144422267,0.0436818781837755,12.8596495116222
93.5,15.4922688323484,1.13575803324381,26.8756423850007,9.42600964869018,0.0436818781837755,12.8434429043846
93.75,14.8352829822614,1.14816104425741,27.1886365829601,9.53053939688647,0.0436818781837755,12.8256846341417
94,14.172040854326,1.16069950197506,27.394768803868,9.63605588033993,0.0436818781837755,12.8061441057658
94.25,13.5025773261474,1.17337488553837,27.7218203644127,9.74255168494606,0.0436818781837755,12.7845430521123
94.5,12.82694450642,1.18618869024187,27.9129444592193,9.85001619401313,0.0436818781837755,12.7605426405139
94.75,12.1452156751082,1.1991424277094,28.2426037776551,9.95843482024412,0.0436818781837755,12.7337261863694
95,11.4574903526253,1.21223762607245,28.5850049849976,10.0677880048965,0.0436818781837755,12.7035756351531
95.25,10.7639009056063,1.22547583015042,28.7930616834995,10.1780498948963,0.0436818781837755,12.6694390450491
95.5,10.0646212781372,1.23885860163287,29.0036404164109,10.2891865664233,0.0436818781837755,12.6304848133912
95.75,9.35987871620794,1.25238751926373,29.2029286541689,10.4011535968942,0.0436818781837755,12.585635942277
96,8.64996979264156,1.26606417902757,29.3898675508038,10.5138926795156,0.0436818781837755,12.5334734992868
96.25,7.93528275091922,1.27989019433785,29.729708574981,10.6273267949315,0.0436818781837755,12.4720912040609
96.5,7.21632937196363,1.29386719622727,29.9341434603815,10.7413531447328,0.0436818781837755,12.3988700030563
96.75,6.49379161228227,1.30799683354017,30.1591486019971,10.8558324966592,0.0436818781837755,12.3101168841014
97,5.76859192439885,1.32228077312703,30.3668355677008,10.9705725525189,0.0436818781837755,12.200463650649
97.25,5.04200302641504,1.33672070004115,30.5742069397623,11.0853009041572,0.0436818781837755,12.0618204674244
97.5,4.31582638884179,1.35131831773739,30.9279273842483,11.1996188688804,0.0436818781837755,11.8814559048362
97.75,3.59269691405884,1.36607534827311,30.9334292013681,11.3129179244865,0.0436818781837755,11.6498953797926
98,2.8759176733249,1.38099353251139,31.2699760306115,11.424213272825,0.0436818781837755,11.2943468046452
98.25,2.17342547884714,1.39607463032633,31.4946001720286,11.5318082463952,0.0436818781837755,10.7783724766846
98.5,1.49570507307386,1.41132042081067,31.7349184951378,11.6309749226296,0.0436818781837755,9.93633263860935
98.75,0.86410745021892,1.42673270248571,31.7349184951378,11.710638263817,0.0436818781837755,8.40678996300113
99,0.323898777433153,1.4423132935134,31.8598224371301,11.7478361243168,0.0436818781837755,5.21730803535017
99.25,0,1.45806403191093,31.8598224371301,11.7478361243168,0,0
99.5,0,1.45806403191093,31.8598224371301,11.7478361243168,0,0
99.75,0,1.45806403191093,31.8598224371301,11.7478361243168,0,0
100,0,1.45806403191093,31.8598224371301,11.7478361243168,0,0
100.25,0,1.45806403191093,31.8598224371301,11.7478361243168,0,0
100.5,0,1.45806403191093,31.8598224371301,11.7478361243168,0,0
100.75,0,1.45806403191093,31.8598224371301,11.7478361243168,0,0
101,0,1.45806403191093,31.8598224371301,11.7478361243168,0,0
101.25,0,1.45806403191093,31.8598224371301,11.7478361243168,0,0
101.5,0,1.45806403191093,31.8598224371301,11.7478361243168,0,0
101.75,0,1.45806403191093,31.8598224371301,11.7478361243168,0,0
102,0,1.45806403191093,31.8598224371301,11.7478361243168,0,0
102.25,0,1.45806403191093,31.8598224371301,11.7478361243168,0,0
102.5,0,1.45806403191093,31.8598224371301,11.7478361243168,0,0
102.75,0,1.45806403191093,31.8598224371301,11.7478361243168,0,0
103,0,1.45806403191093,31.8598224371301,11.7478361243168,0,0
103.25,0,1.45806403191093,31.8598224371301,11.7478361243168,0,0
103.5,0,1.45806403191093,31.8598224371301,11.7478361243168,0,0
103.75,0,1.45806403191093,31.8598224371301,11.7478361243168,0,0
104,0,1.45806403191093,31.8598224371301,11.7478361243168,0,0
104.25,0,1.45806403191093,31.8598224371301,11.7478361243168,0,0
104.5,0,1.45806403191093,31.8598224371301,11.7478361243168,0,0
104.75,0,1.45806403191093,31.8598224371301,11.7478361243168,0,0
105,0,1.45806403191093,31.8598224371301,11.7478361243168,0,0
105.25,0,1.45806403191093,31.8598224371301,11.7478361243168,0,0
105.5,0,1.45806403191093,31.8598224371301,11.7478361243168,0,0
105.75,0,1.45806403191093,31.8598224371301,11.7478361243168,0,0
106,0,1.45806403191093,31.8598224371301,11.7478361243168,0,0
106.25,0,1.45806403191093,31.8598224371301,11.7478361243168,0,0
106.5,0,1.45806403191093,31.8598224371301,11.7478361243168,0,0
106.75,0,1.45806403191093,31.8598224371301,11.7478361243168,0,0
107,0,1.45806403191093,31.8598224371301,11.7478361243168,0,0
107.25,0,1.45806403191093,31.8598224371301,11.7478361243168,0,0
107.5,0,1.45806403191093,31.8598224371301,11.7478361243168,0,0
107.75,0,1.45806403191093,31.8598224371301,11.7478361243168,0,0
108,0,1.45806403191093,31.8598224371301,11.7478361243168,0,0
108.25,0,1.45806403191093,31.8598224371301,11.7478361243168,0,0
108.5,0,1.45806403191093,31.8598224371301,11.7478361243168,0,0
108.75,0,1.45806403191093,31.8598224371301,11.7478361243168,0,0
109,0,1.45806403191093,31.8598224371301,11.7478361243168,0,0
109.25,0,1.45806403191093,31.8598224371301,11.7478361243168,0,0
109.5,0,1.45806403191093,31.8598224371301,11.7478361243168,0,0
109.75,0,1.45806403191093,31.8598224371301,11.7478361243168,0,0
110,0,1.45806403191093,31.8598224371301,11.7478361243168,0,0
110.25,0,1.45806403191093,31.8598224371301,11.7478361243168,0,0
110.5,0,1.45806403191093,31.8598224371301,11.7478361243168,0,0
110.75,0,1.45806403191093,31.8598224371301,11.7478361243168,0,0
111,0,1.45806403191093,31.8598224371301,11.7478361243168,0,0
111.25,0,1.45806403191093,31.8598224371301,11.7478361243168,0,0
111.5,0,1.45806403191093,31.8598224371301,11.7478361243168,0,0
111.75,0,1.45806403191093,31.8598224371301,11.7478361243168,0,0
112,0,1.45806403191093,31.8598224371301,11.7478361243168,0,0
112.25,0,1.45806403191093,31.8598224371301,11.7478361243168,0,0
112.5,0,1.45806403191093,31.8598224371301,11.7478361243168,0,0
112.75,0,1.45806403191093,31.8598224371301,11.7478361243168,0,0
113,0,1.45806403191093,31.8598224371301,11.7478361243168,0,0
113.25,0,1.45806403191093,31.8598224371301,11.7478361243168,0,0
113.5,0,1.45806403191093,31.8598224371301,11.7478361243168,0,0
113.75,0,1.45806403191093,31.8598224371301,11.7478361243168,0,0
114,0,1.45806403191093,31.8598224371301,11.7478361243168,0,0
114.25,0,1.45806403191093,31.8598224371301,11.7478361243168,0,0
114.5,0,1.45806403191093,31.8598224371301,11.7478361243168,0,0
114.75,0,1.45806403191093,31.8598224371301,11.7478361243168,0,0
115,0,1.45806403191093,31.8598224371301,11.7478361243168,0,0
115.25,0,1.45806403191093,31.8598224371301,11.7478361243168,0,0
115.5,0,1.45806403191093,31.8598224371301,11.7478361243168,0,0
115.75,0,1.45806403191093,31.8598224371301,11.7478361243168,0,0
116,0,1.45806403191093,31.8598224371301,11.7478361243168,0,0
116.25,0,1.45806403191093,31.8598224371301,11.7478361243168,0,0
116.5,0,1.45806403191093,31.8598224371301,11.7478361243168,0,0
116.75,0,1.45806403191093,31.8598224371301,11.7478361243168,0,0
117,0,1.45806403191093,31.8598224371301,11.7478361243168,0,0
117.25,0,1.45806403191093,31.8598224371301,11.7478361243168,0,0
117.5,0,1.45806403191093,31.8598224371301,11.7478361243168,0,0
117.75,0,1.45806403191093,31.8598224371301,11.7478361243168,0,0
118,0,1.45806403191093,31.8598224371301,11.7478361243168,0,0
118.25,0,1.45806403191093,31.8598224371301,11.7478361243168,0,0
118.5,0,1.45806403191093,31.8598224371301,11.7478361243168,0,0
118.75,0,1.45806403191093,31.8598224371301,11.7478361243168,0,0
119,0,1.45806403191093,31.8598224371301,11.7478361243168,0,0
119.25,0,1.45806403191093,31.8598224371301,11.7478361243168,0,0
119.5,0,1.45806403191093,31.8598224371301,11.7478361243168,0,0
119.75,0,1.45806403191093,31.8598224371301,11.7478361243168,0,0
120,0,1.45806403191093,31.8598224371301,11.7478361243168,0,0
120.25,0,1.45806403191093,31.8598224371301,11.7478361243168,0,0
120.5,0,1.45806403191093,31.8598224371301,11.7478361243168,0,0
120.75,0,1.45806403191093,31.8598224371301,11.7478361243168,0,0
121,0,1.45806403191093,31.8598224371301,11.7478361243168,0,0
121.25,0,1.45806403191093,31.8598224371301,11.7478361243168,0,0
121.5,0,1.45806403191093,31.8598224371301,11.7478361243168,0,0
121.75,0,1.45806403191093,31.8598224371301,11.7478361243168,0,0
122,0,1.45806403191093,31.8598224371301,11.7478361243168,0,0
122.25,0,1.45806403191093,31.8598224371301,11.7478361243168,0,0
122.5,0,1.45806403191093,31.8598224371301,11.7478361243168,0,0
122.75,0,1.45806403191093,31.8598224371301,11.7478361243168,0,0
123,0,1.45806403191093,31.8598224371301,11.7478361243168,0,0
123.25,0,1.45806403191093,31.8598224371301,11.7478361243168,0,0
123.5,0,1.45806403191093,31.8598224371301,11.7478361243168,0,0
123.75,0,1.45806403191093,31.8598224371301,11.7478361243168,0,0
124,0,1.45806403191093,31.8598224371301,11.7478361243168,0,0
124.25,0,1.45806403191093,31.8598224371301,11.7478361243168,0,0
124.5,0,1.45806403191093,31.8598224371301,11.7478361243168,0,0
124.75,0,1.45806403191093,31.8598224371301,11.7478361243168,0,0
125,0,1.45806403191093,31.8598224371301,11.7478361243168,0,0
125.25,0,1.45806403191093,31.8598224371301,11.7478361243168,0,0
125.5,0,1.45806403191093,31.8598224371301,11.7478361243168,0,0
125.75,0,1.45806403191093,31.8598224371301,11.7478361243168,0,0
126,0,1.45806403191093,31.8598224371301,11.7478361243168,0,0
126.25,0,1.45806403191093,31.8598224371301,11.7478361243168,0,0
126.5,0,1.45806403191093,31.8598224371301,11.7478361243168,0,0
126.75,0,1.45806403191093,31.8598224371301,11.7478361243168,0,0
127,0,1.45806403191093,31.8598224371301,11.7478361243168,0,0
127.25,0,1.45806403191093,31.8598224371301,11.7478361243168,0,0
127.5,0,1.45806403191093,31.8598224371301,11.7478361243168,0,0
127.75,0,1.45806403191093,31.8598224371301,11.7478361243168,0,0
128,0,1.45806403191093,31.8598224371301,11.7478361243168,0,0
128.25,0,1.45806403191093,31.8598224371301,11.7478361243168,0,0
128.5,0,1.45806403191093,31.8598224371301,11.7478361243168,0,0
128.75,0,1.45806403191093,31.8598224371301,11.7478361243168,0,0
129,0,1.45806403191093,31.8598224371301,11.7478361243168,0,0
129.25,0,1.45806403191093,31.8598224371301,11.7478361243168,0,0
129.5,0,1.45806403191093,31.8598224371301,11.7478361243168,0,0
129.75,0,1.45806403191093,31.8598224371301,11.7478361243168,0,0
130,0,1.45806403191093,31.8598224371301,11.7478361243168,0,0
130.25,0,1.45806403191093,31.8598224371301,11.7478361243168,0,0
130.5,0,1.45806403191093,31.8598224371301,11.7478361243168,0,0
130.75,0,1.45806403191093,31.8598224371301,11.7478361243168,0,0
131,0,1.45806403191093,31.8598224371301,11.7478361243168,0,0
131.25,0,1.45806403191093,31.8598224371301,11.7478361243168,0,0
131.5,0,1.45806403191093,31.8598224371301,11.7478361243168,0,0
131.75,0,1.45806403191093,31.8598224371301,11.7478361243168,0,0
132,0,1.45806403191093,31.8598224371301,11.7478361243168,0,0
132.25,0,1.45806403191093,31.8598224371301,11.7478361243168,0,0
132.5,0,1.45806403191093,31.8598224371301,11.7478361243168,0,0
132.75,0,1.45806403191093,31.8598224371301,11.7478361243168,0,0
133,0,1.45806403191093,31.8598224371301,11.7478361243168,0,0
133.25,0,1.45806403191093,31.8598224371301,11.7478361243168,0,0
133.5,0,1.45806403191093,31.8598224371301,11.7478361243168,0,0
133.75,0,1.45806403191093,31.8598224371301,11.7478361243168,0,0
134,0,1.45806403191093,31.8598224371301,11.7478361243168,0,0
134.25,0,1.45806403191093,31.8598224371301,11.7478361243168,0,0
134.5,0,1.45806403191093,31.8598224371301,11.7478361243168,0,0
134.75,0,1.45806403191093,31.8598224371301,11.7478361243168,0,0
135,0,1.45806403191093,31.8598224371301,11.7478361243168,0,0
135.25,0,1.45806403191093,31.8598224371301,11.7478361243168,0,0
135.5,0,1.45806403191093,31.8598224371301,11.7478361243168,0,0
135.75,0,1.45806403191093,31.8598224371301,11.7478361243168,0,0
136,0,1.45806403191093,31.8598224371301,11.7478361243168,0,0
136.25,0,1.45806403191093,31.8598224371301,11.7478361243168,0,0
136.5,0,1.45806403191093,31.8598224371301,11.7478361243168,0,0
136.75,0,1.45806403191093,31.8598224371301,11.7478361243168,0,0
137,0,1.45806403191093,31.8598224371301,11.7478361243168,0,0
137.25,0,1.45806403191093,31.8598224371301,11.7478361243168,0,0
137.5,0,1.45806403191093,31.8598224371301,11.7478361243168,0,0
137.75,0,1.45806403191093,31.8598224371301,11.7478361243168,0,0
138,0,1.45806403191093,31.8598224371301,11.7478361243168,0,0
138.25,0,1.45806403191093,31.8598224371301,11.7478361243168,0,0
138.5,0,1.45806403191093,31.8598224371301,11.7478361243168,0,0
138.75,0,1.45806403191093,31.8598224371301,11.7478361243168,0,0
139,0,1.45806403191093,31.8598224371301,11.7478361243168,0,0
139.25,0,1.45806403191093,31.8598224371301,11.7478361243168,0,0
139.5,0,1.45806403191093,31.8598224371301,11.7478361243168,0,0
139.75,0,1.45806403191093,31.8598224371301,11.7478361243168,0,0
140,0,1.45806403191093,31.8598224371301,11.7478361243168,0,0
140.25,0,1.45806403191093,31.8598224371301,11.7478361243168,0,0
140.5,0,1.45806403191093,31.8598224371301,11.7478361243168,0,0
140.75,0,1.45806403191093,31.8598224371301,11.7478361243168,0,0
141,0,1.45806403191093,31.8598224371301,11.7478361243168,0,0
141.25,0,1.45806403191093,31.8598224371301,11.7478361243168,0,0
141.5,0,1.45806403191093,31.8598224371301,11.7478361243168,0,0
141.75,0,1.45806403191093,31.8598224371301,11.7478361243168,0,0
142,0,1.45806403191093,31.8598224371301,11.7478361243168,0,0
142.25,0,1.45806403191093,31.8598224371301,11.7478361243168,0,0
142.5,0,1.45806403191093,31.8598224371301,11.7478361243168,0,0
142.75,0,1.45806403191093,31.8598224371301,11.7478361243168,0,0
143,0,1.45806403191093,31.8598224371301,11.7478361243168,0,0
143.25,0,1.45806403191093,31.8598224371301,11.7478361243168,0,0
143.5,0,1.45806403191093,31.8598224371301,11.7478361243168,0,0
143.75,0,1.45806403191093,31.8598224371301,11.7478361243168,0,0
144,0,1.45806403191093,31.8598224371301,11.7478361243168,0,0
144.25,0,1.45806403191093,31.8598224371301,11.7478361243168,0,0
144.5,0,1.45806403191093,31.8598224371301,11.7478361243168,0,0
144.75,0,1.45806403191093,31.8598224371301,11.7478361243168,0,0
145,0,1.45806403191093,31.8598224371301,11.7478361243168,0,0
145.25,0,1.45806403191093,31.8598224371301,11.7478361243168,0,0
145.5,0,1.45806403191093,31.8598224371301,11.7478361243168,0,0
145.75,0,1.45806403191093,31.8598224371301,11.7478361243168,0,0
146,0,1.45806403191093,31.8598224371301,11.7478361243168,0,0
146.25,0,1.45806403191093,31.8598224371301,11.7478361243168,0,0
146.5,0,1.45806403191093,31.8598224371301,11.7478361243168,0,0
146.75,0,1.45806403191093,31.8598224371301,11.7478361243168,0,0
147,0,1.45806403191093,31.8598224371301,11.7478361243168,0,0
147.25,0,1.45806403191093,31.8598224371301,11.7478361243168,0,0
147.5,0,1.45806403191093,31.8598224371301,11.7478361243168,0,0
147.75,0,1.45806403191093,31.8598224371301,11.7478361243168,0,0
148,0,1.45806403191093,31.8598224371301,11.7478361243168,0,0
148.25,0,1.45806403191093,31.8598224371301,11.7478361243168,0,0
148.5,0,1.45806403191093,31.8598224371301,11.7478361243168,0,0
148.75,0,1.45806403191093,31.8598224371301,11.7478361243168,0,0
149,0,1.45806403191093,31.8598224371301,11.7478361243168,0,0
149.25,0,1.45806403191093,31.8598224371301,11.7478361243168,0,0
149.5,0,1.45806403191093,31.8598224371301,11.7478361243168,0,0
149.75,0,1.45806403191093,31.8598224371301,11.7478361243168,0,0
150,0,1.45806403191093,31.8598224371301,11.7478361243168,0,0
150.25,0,1.45806403191093,31.8598224371301,11.7478361243168,0,0
150.5,0,1.45806403191093,31.8598224371301,11.7478361243168,0,0
150.75,0,1.45806403191093,31.8598224371301,11.7478361243168,0,0
151,0,1.45806403191093,31.8598224371301,11.7478361243168,0,0
151.25,0,1.45806403191093,31.8598224371301,11.7478361243168,0,0
151.5,0,1.45806403191093,31.8598224371301,11.7478361243168,0,0
151.75,0,1.45806403191093,31.8598224371301,11.7478361243168,0,0
152,0,1.45806403191093,31.8598224371301,11.7478361243168,0,0
152.25,0,1.45806403191093,31.8598224371301,11.7478361243168,0,0
152.5,0,1.45806403191093,31.8598224371301,11.7478361243168,0,0
152.75,0,1.45806403191093,31.8598224371301,11.7478361243168,0,0
153,0,1.45806403191093,31.8598224371301,11.7478361243168,0,0
153.25,0,1.45806403191093,31.8598224371301,11.7478361243168,0,0
153.5,0,1.45806403191093,31.8598224371301,11.7478361243168,0,0
153.75,0,1.45806403191093,31.8598224371301,11.7478361243168,0,0
154,0,1.45806403191093,31.8598224371301,11.7478361243168,0,0
154.25,0,1.45806403191093,31.8598224371301,11.7478361243168,0,0
154.5,0,1.45806403191093,31.8598224371301,11.7478361243168,0,0
154.75,0,1.45806403191093,31.8598224371301,11.7478361243168,0,0
155,0,1.45806403191093,31.8598224371301,11.7478361243168,0,0
155.25,0,1.45806403191093,31.8598224371301,11.7478361243168,0,0
155.5,0,1.45806403191093,31.8598224371301,11.7478361243168,0,0
155.75,0,1.45806403191093,31.8598224371301,11.7478361243168,0,0
156,0,1.45806403191093,31.8598224371301,11.7478361243168,0,0
156.25,0,1.45806403191093,31.8598224371301,11.7478361243168,0,0
156.5,0,1.45806403191093,31.8598224371301,11.7478361243168,0,0
156.75,0,1.45806403191093,31.8598224371301,11.7478361243168,0,0
157,0,1.45806403191093,31.8598224371301,11.7478361243168,0,0
157.25,0,1.45806403191093,31.8598224371301,11.7478361243168,0,0
157.5,0,1.45806403191093,31.8598224371301,11.7478361243168,0,0
157.75,0,1.45806403191093,31.8598224371301,11.7478361243168,0,0
158,0,1.45806403191093,31.8598224371301,11.7478361243168,0,0
158.25,0,1.45806403191093,31.8598224371301,11.7478361243168,0,0
158.5,0,1.45806403191093,31.8598224371301,11.7478361243168,0,0
158.75,0,1.45806403191093,31.8598224371301,11.7478361243168,0,0
159,0,1.45806403191093,31.8598224371301,11.7478361243168,0,0
159.25,0,1.45806403191093,31.8598224371301,11.7478361243168,0,0
159.5,0,1.45806403191093,31.8598224371301,11.7478361243168,0,0
159.75,0,1.45806403191093,31.8598224371301,11.7478361243168,0,0
160,0,1.45806403191093,31.8598224371301,11.7478361243168,0,0
160.25,0,1.45806403191093,31.8598224371301,11.7478361243168,0,0
160.5,0,1.45806403191093,31.8598224371301,11.7478361243168,0,0
160.75,0,1.45806403191093,31.8598224371301,11.7478361243168,0,0
161,0,1.45806403191093,31.8598224371301,11.7478361243168,0,0
161.25,0,1.45806403191093,31.8598224371301,11.7478361243168,0,0
161.5,0,1.45806403191093,31.8598224371301,11.7478361243168,0,0
161.75,0,1.45806403191093,31.8598224371301,11.7478361243168,0,0
162,0,1.45806403191093,31.8598224371301,11.7478361243168,0,0
162.25,0,1.45806403191093,31.8598224371301,11.7478361243168,0,0
162.5,0,1.45806403191093,31.8598224371301,11.7478361243168,0,0
162.75,0,1.45806403191093,31.8598224371301,11.7478361243168,0,0
163,0,1.45806403191093,31.8598224371301,11.7478361243168,0,0
163.25,0,1.45806403191093,31.8598224371301,11.7478361243168,0,0
163.5,0,1.45806403191093,31.8598224371301,11.7478361243168,0,0
163.75,0,1.45806403191093,31.8598224371301,11.7478361243168,0,0
164,0,1.45806403191093,31.8598224371301,11.7478361243168,0,0
164.25,0,1.45806403191093,31.8598224371301,11.7478361243168,0,0
164.5,0,1.45806403191093,31.8598224371301,11.7478361243168,0,0
164.75,0,1.45806403191093,31.8598224371301,11.7478361243168,0,0
165,0,1.45806403191093,31.8598224371301,11.7478361243168,0,0
165.25,0,1.45806403191093,31.8598224371301,11.7478361243168,0,0
165.5,0,1.45806403191093,31.8598224371301,11.7478361243168,0,0
165.75,0,1.45806403191093,31.8598224371301,11.7478361243168,0,0
166,0,1.45806403191093,31.8598224371301,11.7478361243168,0,0
166.25,0,1.45806403191093,31.8598224371301,11.7478361243168,0,0
166.5,0,1.45806403191093,31.8598224371301,11.7478361243168,0,0
166.75,0,1.45806403191093,31.8598224371301,11.7478361243168,0,0
167,0,1.45806403191093,31.8598224371301,11.7478361243168,0,0
